,0,1,2
0,36,0.5041243270686859,59.52873992919922
1,37,0.0,0.0
2,38,0.3319003474658432,20.797042846679688
3,39,0.0,0.0
4,40,0.0,0.0
5,41,0.7742314053484304,64.37977027893066
6,42,0.07789768228520721,6.011573791503906
7,43,0.0,0.0
8,44,0.0,0.0
9,45,0.836817801176833,84.21459770202637
10,46,0.15160453441435465,17.403274536132812
11,47,0.0,0.0
12,48,0.36764497876299124,43.32965850830078
13,49,0.604439388152684,41.40327262878418
14,50,0.0,0.0
15,51,0.0,0.0
16,52,0.17909786609163322,14.158493041992188
17,53,0.0,0.0
18,54,0.0,0.0
19,55,0.0,0.0
20,56,0.2647655642771574,11.883468627929688
21,57,-2.0110594864692567e-07,-1.1444091796875e-05
22,58,0.0,0.0
23,59,0.03355334299249121,4.2209625244140625
24,60,0.7506976698429085,74.22833061218262
25,61,0.0,0.0
